Workbook

Sheet T10_Layout
F1: 9月 | AJ1: 10月
F2: 46266 | G2: 46267 | H2: 46268 | I2: 46269 | J2: 46270 | K2: 46271 | L2: 46272 | M2: 46273 | N2: 46274 | O2: 46275 | P2: 46276 | Q2: 46277 | R2: 46278 | S2: 46279 | T2: 46280 | U2: 46281 | V2: 46282 | W2: 46283 | X2: 46284 | Y2: 46285 | Z2: 46286 | AA2: 46287 | AB2: 46288 | AC2: 46289 | AD2: 46290 | AE2: 46291 | AF2: 46292 | AG2: 46293 | AH2: 46294 | AI2: 46295 | AJ2: 46296 | AK2: 46297 | AL2: 46298 | AM2: 46299 | AN2: 46300 | AO2: 46301 | AP2: 46302 | AQ2: 46303 | AR2: 46304 | AS2: 46305
F3: 46266 | G3: 46267 | H3: 46268 | I3: 46269 | J3: 46270 | K3: 46271 | L3: 46272 | M3: 46273 | N3: 46274 | O3: 46275 | P3: 46276 | Q3: 46277 | R3: 46278 | S3: 46279 | T3: 46280 | U3: 46281 | V3: 46282 | W3: 46283 | X3: 46284 | Y3: 46285 | Z3: 46286 | AA3: 46287 | AB3: 46288 | AC3: 46289 | AD3: 46290 | AE3: 46291 | AF3: 46292 | AG3: 46293 | AH3: 46294 | AI3: 46295 | AJ3: 46296 | AK3: 46297 | AL3: 46298 | AM3: 46299 | AN3: 46300 | AO3: 46301 | AP3: 46302 | AQ3: 46303 | AR3: 46304 | AS3: 46305
A4: 項目 | B4: 工程線名 | C4: 開始日 | D4: 終了日 | E4: 日数
A5: A1/A2 | B5: A2 | C5: 46280 | D5: 46283 | E5: =NETWORKDAYS(C5,D5,_data!$A$2:$A$7) -> 4
A6: D1 | B6: D1 | C6: 46272 | D6: 46283 | E6: =NETWORKDAYS(C6,D6,_data!$A$2:$A$7) -> 10
B7: E1 | C7: 46272 | D7: 46276 | E7: =NETWORKDAYS(C7,D7,_data!$A$2:$A$7) -> 5
B8: E2 | C8: 46277 | D8: 46280 | E8: =NETWORKDAYS(C8,D8,_data!$A$2:$A$7) -> 2
B9: E3 | C9: 46281 | D9: 46283 | E9: =NETWORKDAYS(C9,D9,_data!$A$2:$A$7) -> 3
A10: バー２ | B10: バー２ | C10: 46277 | D10: 46283 | E10: =NETWORKDAYS(C10,D10,_data!$A$2:$A$7) -> 5
A11: バー③ | B11: バー３ | C11: 46284 | D11: 46289 | E11: =NETWORKDAYS(C11,D11,_data!$A$2:$A$7) -> 1
A12: バー４ | B12: バー４ | C12: 46290 | D12: 46294 | E12: =NETWORKDAYS(C12,D12,_data!$A$2:$A$7) -> 3
A13: バー５ | B13: バー５ | C13: 46295 | D13: 46300 | E13: =NETWORKDAYS(C13,D13,_data!$A$2:$A$7) -> 4
B14: バー６ | C14: 46301 | D14: 46303 | E14: =NETWORKDAYS(C14,D14,_data!$A$2:$A$7) -> 3
A15: C2 | B15: C2 | C15: 46284 | D15: 46290 | E15: =NETWORKDAYS(C15,D15,_data!$A$2:$A$7) -> 2
A16: D2/D3 | B16: D3 | C16: 46291 | D16: 46293 | E16: =NETWORKDAYS(C16,D16,_data!$A$2:$A$7) -> 1
A17: D3 | B17: D4 | C17: 46294 | D17: 46297 | E17: =NETWORKDAYS(C17,D17,_data!$A$2:$A$7) -> 4
A18: C2 | B18: C3 | C18: 46291 | D18: 46297 | E18: =NETWORKDAYS(C18,D18,_data!$A$2:$A$7) -> 5
B19: D5 | C19: 46298 | D19: 46303 | E19: =NETWORKDAYS(C19,D19,_data!$A$2:$A$7) -> 4
A20: バー１ | B20: バー１ | C20: 46272 | D20: 46276 | E20: =NETWORKDAYS(C20,D20,_data!$A$2:$A$7) -> 5
A21: D1/D2 | B21: D2 | C21: 46284 | D21: 46290 | E21: =NETWORKDAYS(C21,D21,_data!$A$2:$A$7) -> 2
A22: B1/B2/B3 | B22: B2 | C22: 46280 | D22: 46283 | E22: =NETWORKDAYS(C22,D22,_data!$A$2:$A$7) -> 4
A23: B3/B1/B2 | B23: B3 | C23: 46284 | D23: 46290 | E23: =NETWORKDAYS(C23,D23,_data!$A$2:$A$7) -> 2
A24: A2/A3 | B24: A3 | C24: 46284 | D24: 46293 | E24: =NETWORKDAYS(C24,D24,_data!$A$2:$A$7) -> 3
A25: C2 | B25: C1 | C25: 46272 | D25: 46283 | E25: =NETWORKDAYS(C25,D25,_data!$A$2:$A$7) -> 10
A26: B1/B2 | B26: B1 | C26: 46272 | D26: 46279 | E26: =NETWORKDAYS(C26,D26,_data!$A$2:$A$7) -> 6
A27: A1 | B27: A1 | C27: 46272 | D27: 46279 | E27: =NETWORKDAYS(C27,D27,_data!$A$2:$A$7) -> 6

Sheet _data
A1: 祝日 | B1: 工程ID | C1: 項目ID（開始日ノード） | D1: 項目名（開始日ノード） | E1: 項目に紐づく属性情報区分（エリア・協力会社・工種） | F1: 項目に紐づく属性情報ID | G1: 項目に紐づく属性情報名 | H1: 項目ID（終了日ノード） | I1: 項目名（終了日ノード） | J1: 工程ID | K1: 工程削除 | L1: 工程線名 | M1: 開始日の行番号 | N1: 終了日の行番号 | O1: 開始日 | P1: 終了日 | Q1: 0.5日 | R1: 延べ日数 | S1: 日数 | T1: 調整日数 | U1: 休日 | V1: 開始日ノード色 | W1: 開始日ノード大きさ | X1: 開始日ノード形状 | Y1: 終了日ノード色 | Z1: 終了日ノード大きさ | AA1: 終了日ノード形状 | AB1: 詳細工程1 詳細工程名 | AC1: 詳細工程1 実働日数 | AD1: 詳細工程1 数量 数値 | AE1: 詳細工程1 数量 単位ID | AF1: 詳細工程1 数量 単位名 | AG1: 詳細工程1 歩掛 数値 | AH1: 詳細工程1 歩掛 単位ID | AI1: 詳細工程1 歩掛 単位名 | AJ1: 詳細工程1 人数/台数 数値 | AK1: 詳細工程1 人数/台数 単位ID | AL1: 詳細工程1 人数/台数 単位名 | AM1: 詳細工程1 計算結果の不整合を了承フラグ | AN1: 詳細工程1 協力会社 | AO1: 詳細工程2 詳細工程名 | AP1: 詳細工程2 実働日数 | AQ1: 詳細工程2 数量 数値 | AR1: 詳細工程2 数量 単位ID | AS1: 詳細工程2 数量 単位名 | AT1: 詳細工程2 歩掛 数値 | AU1: 詳細工程2 歩掛 単位ID | AV1: 詳細工程2 歩掛 単位名 | AW1: 詳細工程2 人数/台数 数値 | AX1: 詳細工程2 人数/台数 単位ID | AY1: 詳細工程2 人数/台数 単位名 | AZ1: 詳細工程2 計算結果の不整合を了承フラグ | BA1: 詳細工程2 協力会社 | BB1: 詳細工程3 詳細工程名 | BC1: 詳細工程3 実働日数 | BD1: 詳細工程3 数量 数値 | BE1: 詳細工程3 数量 単位ID | BF1: 詳細工程3 数量 単位名 | BG1: 詳細工程3 歩掛 数値 | BH1: 詳細工程3 歩掛 単位ID | BI1: 詳細工程3 歩掛 単位名 | BJ1: 詳細工程3 人数/台数 数値 | BK1: 詳細工程3 人数/台数 単位ID | BL1: 詳細工程3 人数/台数 単位名 | BM1: 詳細工程3 計算結果の不整合を了承フラグ | BN1: 詳細工程3 協力会社 | BO1: 詳細工程4 詳細工程名 | BP1: 詳細工程4 実働日数 | BQ1: 詳細工程4 数量 数値 | BR1: 詳細工程4 数量 単位ID | BS1: 詳細工程4 数量 単位名 | BT1: 詳細工程4 歩掛 数値 | BU1: 詳細工程4 歩掛 単位ID | BV1: 詳細工程4 歩掛 単位名 | BW1: 詳細工程4 人数/台数 数値 | BX1: 詳細工程4 人数/台数 単位ID | BY1: 詳細工程4 人数/台数 単位名 | BZ1: 詳細工程4 計算結果の不整合を了承フラグ | CA1: 詳細工程4 協力会社 | CB1: 詳細工程5 詳細工程名 | CC1: 詳細工程5 実働日数 | CD1: 詳細工程5 数量 数値 | CE1: 詳細工程5 数量 単位ID | CF1: 詳細工程5 数量 単位名 | CG1: 詳細工程5 歩掛 数値 | CH1: 詳細工程5 歩掛 単位ID | CI1: 詳細工程5 歩掛 単位名 | CJ1: 詳細工程5 人数/台数 数値 | CK1: 詳細工程5 人数/台数 単位ID | CL1: 詳細工程5 人数/台数 単位名 | CM1: 詳細工程5 計算結果の不整合を了承フラグ | CN1: 詳細工程5 協力会社 | CO1: 詳細工程6 詳細工程名 | CP1: 詳細工程6 実働日数 | CQ1: 詳細工程6 数量 数値 | CR1: 詳細工程6 数量 単位ID | CS1: 詳細工程6 数量 単位名 | CT1: 詳細工程6 歩掛 数値 | CU1: 詳細工程6 歩掛 単位ID | CV1: 詳細工程6 歩掛 単位名 | CW1: 詳細工程6 人数/台数 数値 | CX1: 詳細工程6 人数/台数 単位ID | CY1: 詳細工程6 人数/台数 単位名 | CZ1: 詳細工程6 計算結果の不整合を了承フラグ | DA1: 詳細工程6 協力会社 | DB1: 工種 | DC1: エリア | DD1: 開始日ノードの依存タスク（行程ID、依存関係） | DE1: 終了日ノードの依存タスク（行程ID、依存関係） | DF1: 開始日ノードの関係線ID | DG1: 開始日ノードの関係線名 | DH1: 終了日ノードの関係線ID | DI1: 終了日ノードの関係線名 | DJ1: 工程線の形状 | DK1: 工程線の矢印 | DL1: 実線・点線 | DM1: 工程線の太さ | DN1: 工程線の色 | DO1: 工程線の背景色 | DP1: 工程線の斜行 | DQ1: タグ | DR1: 項目ID（中間ノード） | DS1: 中間ノード日付 | DT1: 中間ノード色 | DU1: 中間ノード大きさ | DV1: 中間ノード形状 | DY1: _meta
A2: 46286 | B2: nsrz7bcx8yxxrv8k3qc4i6mk | C2: aqj3sg05mc7iiutye30d3hxz | D2: A1 | H2: ajbni5lredw97ufu3sr8kiak | I2: A2 | J2: nsrz7bcx8yxxrv8k3qc4i6mk | L2: [{"showContentsDaysWithLineBreak":"contentsDaysWithLineBreakOff","textSize":"L","namePositionWithinOptions":"lineNameUpperCenter","nameColor":"#000000","showTotalDays":"totalDaysOff","showNameOnLine":true,"showWorkingDays":"workingDaysOff","name":"A2","namePositionCoefficient":{"x":0,"y":-0.1},"namePosition":{"x":0,"y":0},"id":"ys511avz6yryc19qh2f3dbvs","nameBold":false,"showLeaderLine":false,"nameAlignment":"center","nameWritingMode":"textHorizontal"}] | M2: 8 | N2: 5 | O2: 2026-09-15T00:00:00+09:00 | P2: 2026-09-18T23:59:59+09:00 | R2: 4 | S2: 4 | T2: 0 | U2: 0 | AC2: 4 | DD2: [{"id":"u1plk0lkn7gwl6gi62j8ny0n","dependency":"SF"}] | DE2: [{"id":"rf5s48r5wvaqo8w3u2mc2ie0","dependency":"FS"}] | DJ2: yElbow | DK2: arrow | DN2: #ec635e | DY2: projectId | DZ2: 9fb97946-5049-5093-b674-09937561e9f1
A3: 46287 | B3: dk8trfwvr4zzrgf6eph3zp81 | C3: ffjiiigzaqdu25j9hlifdtgs | D3: D1 | H3: ffjiiigzaqdu25j9hlifdtgs | I3: D1 | J3: dk8trfwvr4zzrgf6eph3zp81 | L3: [{"showContentsDaysWithLineBreak":"contentsDaysWithLineBreakOff","textSize":"L","namePositionWithinOptions":"lineNameUpperCenter","nameColor":"#000000","showTotalDays":"totalDaysOff","showNameOnLine":true,"showWorkingDays":"workingDaysOff","name":"D1","namePositionCoefficient":{"x":0,"y":-0.1},"namePosition":{"x":0,"y":0},"id":"p62g4y0h4d5u65tbge3zpfk9","nameBold":false,"showLeaderLine":false,"nameAlignment":"center","nameWritingMode":"textHorizontal"}] | M3: 25 | N3: 25 | O3: 2026-09-07T00:00:00+09:00 | P3: 2026-09-18T23:59:59+09:00 | R3: 12 | S3: 10 | T3: 0 | U3: 2 | AC3: 10 | DE3: [{"id":"kxns99694trihve026c89fzq","dependency":"FS"}] | DH3: sxfolw27hcihztf0j6w4sslv | DI3: 関係１ | DJ3: gate | DK3: arrow | DN3: #f9df70 | DR3: ffjiiigzaqdu25j9hlifdtgs | DS3: 2026-09-19T00:00:00+09:00 | DY3: scheduleId | DZ3: 1342d36a-a999-5315-ab78-e6cbbf9a981f
A4: 46288 | B4: oto4dg5opkvf736ru8taatv6 | C4: srvk6usha5wo991k2o4zokn7 | H4: srvk6usha5wo991k2o4zokn7 | J4: oto4dg5opkvf736ru8taatv6 | L4: [{"showContentsDaysWithLineBreak":"contentsDaysWithLineBreakOff","textSize":"L","namePositionWithinOptions":"lineNameUpperCenter","nameColor":"#000000","showTotalDays":"totalDaysOff","showNameOnLine":true,"showWorkingDays":"workingDaysOff","name":"E1","namePositionCoefficient":{"x":0,"y":-0.1},"namePosition":{"x":0,"y":0},"id":"uxy8s1ya3ze5k4ah5pscbezn","nameBold":false,"showLeaderLine":false,"nameAlignment":"center","nameWritingMode":"textHorizontal"}] | M4: 31 | N4: 31 | O4: 2026-09-07T00:00:00+09:00 | P4: 2026-09-11T23:59:59+09:00 | R4: 5 | S4: 5 | T4: 0 | U4: 0 | AC4: 5 | DE4: [{"id":"syrtgn50pfeh2x56y8pycl0i","dependency":"FS"}] | DJ4: straight | DK4: arrow | DN4: #8455f6 | DY4: period | DZ4: 2026/09/01-2026/11/30
A5: 46307 | B5: syrtgn50pfeh2x56y8pycl0i | C5: srvk6usha5wo991k2o4zokn7 | H5: klutp37wp392t5s5ygqqb7kj | J5: syrtgn50pfeh2x56y8pycl0i | L5: [{"showContentsDaysWithLineBreak":"contentsDaysWithLineBreakOff","textSize":"L","namePositionWithinOptions":"lineNameUpperCenter","nameColor":"#000000","showTotalDays":"totalDaysOff","showNameOnLine":true,"showWorkingDays":"workingDaysOff","name":"E2","namePositionCoefficient":{"x":0,"y":-0.1},"namePosition":{"x":0,"y":0},"id":"t9zma066m1t25a5srqvsqexa","nameBold":false,"showLeaderLine":false,"nameAlignment":"center","nameWritingMode":"textHorizontal"}] | M5: 31 | N5: 33 | O5: 2026-09-12T00:00:00+09:00 | P5: 2026-09-15T23:59:59+09:00 | R5: 4 | S5: 2 | T5: 0 | U5: 2 | AC5: 2 | DD5: [{"id":"oto4dg5opkvf736ru8taatv6","dependency":"SF"}] | DE5: [{"id":"s1u0md6momgam2gd5wvdn4ys","dependency":"FS"}] | DJ5: straight | DK5: arrow | DN5: #8455f6 | DY5: updatedAt | DZ5: 1788849172
A6: 46329 | B6: s1u0md6momgam2gd5wvdn4ys | C6: klutp37wp392t5s5ygqqb7kj | H6: srvk6usha5wo991k2o4zokn7 | J6: s1u0md6momgam2gd5wvdn4ys | L6: [{"showContentsDaysWithLineBreak":"contentsDaysWithLineBreakOff","textSize":"L","namePositionWithinOptions":"lineNameUpperCenter","nameColor":"#000000","showTotalDays":"totalDaysOff","showNameOnLine":true,"showWorkingDays":"workingDaysOff","name":"E3","namePositionCoefficient":{"x":0,"y":-0.1},"namePosition":{"x":0,"y":0},"id":"ry2b2n7vnlgtlk4fngpa3a4a","nameBold":false,"showLeaderLine":false,"nameAlignment":"center","nameWritingMode":"textHorizontal"}] | M6: 33 | N6: 31 | O6: 2026-09-16T00:00:00+09:00 | P6: 2026-09-18T23:59:59+09:00 | R6: 3 | S6: 3 | T6: 0 | U6: 0 | AC6: 3 | DD6: [{"id":"syrtgn50pfeh2x56y8pycl0i","dependency":"SF"}] | DJ6: straight | DK6: arrow | DN6: #8455f6 | DY6: userId | DZ6: sc000u096697
A7: 46349 | B7: bjwmumxcko7gc9z8xszbmeg1 | C7: ne63mp2hoo3j1mu8t1zy89tz | D7: バー２ | H7: ne63mp2hoo3j1mu8t1zy89tz | I7: バー２ | J7: bjwmumxcko7gc9z8xszbmeg1 | L7: [{"showContentsDaysWithLineBreak":"contentsDaysWithLineBreakOff","textSize":"L","namePositionWithinOptions":"boxNameMiddleCenter","nameColor":"#000000","showTotalDays":"totalDaysOff","showNameOnLine":true,"showWorkingDays":"workingDaysOff","name":"バー２","namePositionCoefficient":{"x":0,"y":0},"namePosition":{"x":0,"y":0},"id":"g90xagz2hh67etf18sqja0a2","nameBold":false,"showLeaderLine":false,"nameAlignment":"center","nameWritingMode":"textHorizontal"}] | M7: 38 | N7: 38 | O7: 2026-09-12T00:00:00+09:00 | P7: 2026-09-18T23:59:59+09:00 | R7: 7 | S7: 5 | T7: 0 | U7: 2 | X7: none | AA7: none | AC7: 5 | DJ7: boxM | DK7: arrow | DN7: #ed70c0 | DY7: userName | DZ7: 尾園 正樹
B8: d8gth038ou5z9sdqsws41f4a | C8: qrsbsg2jjur29e804qkpcclj | D8: バー③ | H8: qrsbsg2jjur29e804qkpcclj | I8: バー③ | J8: d8gth038ou5z9sdqsws41f4a | L8: [{"showContentsDaysWithLineBreak":"contentsDaysWithLineBreakOff","textSize":"L","namePositionWithinOptions":"boxNameLowerLeft","nameColor":"#000000","showTotalDays":"totalDaysOff","showNameOnLine":true,"showWorkingDays":"workingDaysOff","name":"バー３","namePositionCoefficient":{"x":0,"y":0},"namePosition":{"x":0,"y":0},"id":"kmnh0335ft4wckyo7pn7tggz","nameBold":false,"showLeaderLine":false,"nameAlignment":"center","nameWritingMode":"textHorizontal"}] | M8: 40 | N8: 40 | O8: 2026-09-19T00:00:00+09:00 | P8: 2026-09-24T23:59:59+09:00 | R8: 6 | S8: 1 | T8: 0 | U8: 5 | X8: none | AA8: none | AC8: 1 | DJ8: boxL | DK8: arrow | DY8: version | DZ8: 2.0.4.2
B9: wrrlfamddutxks0rs546w6hp | C9: u3dwtiewq8zss7p8o1jrpvsx | D9: バー４ | H9: u3dwtiewq8zss7p8o1jrpvsx | I9: バー４ | J9: wrrlfamddutxks0rs546w6hp | L9: [{"showContentsDaysWithLineBreak":"contentsDaysWithLineBreakOff","textSize":"L","namePositionWithinOptions":"barNameUpperCenter","nameColor":"#000000","showTotalDays":"totalDaysOff","showNameOnLine":true,"showWorkingDays":"workingDaysOff","name":"バー４","namePositionCoefficient":{"x":0,"y":0},"namePosition":{"x":0,"y":0},"id":"gmnf5cs1g3q9r0ytmd00ktka","nameBold":false,"showLeaderLine":false,"nameAlignment":"center","nameWritingMode":"textHorizontal"}] | M9: 42 | N9: 42 | O9: 2026-09-25T00:00:00+09:00 | P9: 2026-09-29T23:59:59+09:00 | R9: 5 | S9: 3 | T9: 0 | U9: 2 | X9: none | AA9: none | AC9: 3 | DJ9: barAutoAdjust | DK9: arrow | DN9: #eb473d | DO9: #eb473d | DY9: displayStart | DZ9: 2026/09/01
B10: xrtojb94udpfhnqjb10fxoyb | C10: hhgon9nzu9v5u9pgsy5u7x8p | D10: バー５ | H10: hhgon9nzu9v5u9pgsy5u7x8p | I10: バー５ | J10: xrtojb94udpfhnqjb10fxoyb | L10: [{"showContentsDaysWithLineBreak":"contentsDaysWithLineBreakOff","textSize":"L","namePositionWithinOptions":"barNameUpperCenter","nameColor":"#000000","showTotalDays":"totalDaysOff","showNameOnLine":true,"showWorkingDays":"workingDaysOff","name":"バー５","namePositionCoefficient":{"x":0,"y":0},"namePosition":{"x":0,"y":0},"id":"nv4taqq6xz0ikjikvwk71e7s","nameBold":false,"showLeaderLine":false,"nameAlignment":"center","nameWritingMode":"textHorizontal"}] | M10: 43 | N10: 43 | O10: 2026-09-30T00:00:00+09:00 | P10: 2026-10-05T23:59:59+09:00 | R10: 6 | S10: 4 | T10: 0 | U10: 2 | X10: none | AA10: none | AC10: 4 | DJ10: barAutoAdjust | DK10: arrow | DN10: #eb473d | DO10: #5970f6 | DY10: displayEnd | DZ10: 2026/10/10
B11: wdhh8gl3bekvzls3uwrp9zh9 | C11: ey2fto4pv67kaoh85p121vwm | H11: ey2fto4pv67kaoh85p121vwm | J11: wdhh8gl3bekvzls3uwrp9zh9 | L11: [{"showContentsDaysWithLineBreak":"contentsDaysWithLineBreakOff","textSize":"L","namePositionWithinOptions":"barNameUpperCenter","nameColor":"#000000","showTotalDays":"totalDaysOff","showNameOnLine":true,"showWorkingDays":"workingDaysOff","name":"バー６","namePositionCoefficient":{"x":0,"y":0},"namePosition":{"x":0,"y":0},"id":"nyumlza1p3xhzwv8oisz75zk","nameBold":false,"showLeaderLine":false,"nameAlignment":"center","nameWritingMode":"textHorizontal"}] | M11: 46 | N11: 46 | O11: 2026-10-06T00:00:00+09:00 | P11: 2026-10-08T23:59:59+09:00 | R11: 3 | S11: 3 | T11: 0 | U11: 0 | X11: none | AA11: none | AC11: 3 | DJ11: barProcessNameAdjust | DK11: arrow | DN11: #f9df70 | DO11: #f9df70 | DY11: sourceName | DZ11: サポートルーム_サンプル工程表.csv
B12: bpu1c9j31oy0l3t0ejaasr8y | C12: vhzwsqym1bbxjba1wzv56otr | D12: C2 | H12: vhzwsqym1bbxjba1wzv56otr | I12: C2 | J12: bpu1c9j31oy0l3t0ejaasr8y | L12: [{"showContentsDaysWithLineBreak":"contentsDaysWithLineBreakOff","textSize":"L","namePositionWithinOptions":"lineNameLowerRight","nameColor":"#000000","showTotalDays":"totalDaysOff","showNameOnLine":true,"showWorkingDays":"workingDaysOff","name":"C2","namePositionCoefficient":{"x":0,"y":-0.1},"namePosition":{"x":0,"y":0},"id":"uoztbyzj2q1rxi7tbx9gpczl","nameBold":false,"showLeaderLine":false,"nameAlignment":"center","nameWritingMode":"textHorizontal"}] | M12: 17 | N12: 17 | O12: 2026-09-19T00:00:00+09:00 | P12: 2026-09-25T23:59:59+09:00 | R12: 7 | S12: 2 | T12: 0 | U12: 5 | AC12: 2 | DD12: [{"id":"vzo16fd1pf8yvzooqccn2cz0","dependency":"SF"}] | DE12: [{"id":"f3m0ajg94pgnrppjx9y89c0p","dependency":"FS"}] | DJ12: crank | DK12: arrow | DN12: #56bc6d
B13: ugy4sphon1sz8n5udbza6ozz | C13: o4f1b1crml4zvxnw823ce06d | D13: D2 | H13: ggcm1mfeubebv8mmmida74kb | I13: D3 | J13: ugy4sphon1sz8n5udbza6ozz | L13: [{"showContentsDaysWithLineBreak":"contentsDaysWithLineBreakOff","textSize":"L","namePositionWithinOptions":"lineNameUpperCenter","nameColor":"#000000","showTotalDays":"totalDaysOff","showNameOnLine":true,"showWorkingDays":"workingDaysOff","name":"D3","namePositionCoefficient":{"x":0,"y":-0.1},"namePosition":{"x":0,"y":0},"id":"u4z17nepcitykhrzs6963rxw","nameBold":false,"showLeaderLine":false,"nameAlignment":"center","nameWritingMode":"textHorizontal"}] | M13: 29 | N13: 24 | O13: 2026-09-26T00:00:00+09:00 | P13: 2026-09-28T23:59:59+09:00 | R13: 3 | S13: 1 | T13: 0 | U13: 2 | AC13: 1 | DD13: [{"id":"kxns99694trihve026c89fzq","dependency":"SF"}] | DE13: [{"id":"t00an4117fvj98tp203tgn4s","dependency":"FS"}] | DJ13: gate | DK13: arrow | DN13: #f9df70 | DR13: ggcm1mfeubebv8mmmida74kb | DS13: 2026-09-29T00:00:00+09:00 | DY13: _estimates
B14: t00an4117fvj98tp203tgn4s | C14: ggcm1mfeubebv8mmmida74kb | D14: D3 | H14: msx8cqqmy2pdhav4ajm1vi34 | J14: t00an4117fvj98tp203tgn4s | L14: [{"showContentsDaysWithLineBreak":"contentsDaysWithLineBreakOff","textSize":"L","namePositionWithinOptions":"lineNameUpperCenter","nameColor":"#000000","showTotalDays":"totalDaysOff","showNameOnLine":true,"showWorkingDays":"workingDaysOff","name":"D4","namePositionCoefficient":{"x":0,"y":-0.1},"namePosition":{"x":0,"y":0},"id":"iajsgusld8jrig08kcqb5ylg","nameBold":false,"showLeaderLine":false,"nameAlignment":"center","nameWritingMode":"textHorizontal"}] | M14: 24 | N14: 26 | O14: 2026-09-29T00:00:00+09:00 | P14: 2026-10-02T23:59:59+09:00 | R14: 4 | S14: 4 | T14: 0 | U14: 0 | AC14: 4 | DD14: [{"id":"ugy4sphon1sz8n5udbza6ozz","dependency":"SF"}] | DE14: [{"id":"hlb7z0icyjst6kbyqhsk2sik","dependency":"FS"}] | DJ14: gate | DK14: arrow | DL14: dash | DN14: #f9df70 | DR14: kud57bg6wuyw69gfbmv0h1kb | DS14: 2026-10-03T00:00:00+09:00 | DY14: 種別 | DZ14: 対象 | EA14: 名前 | EB14: 項目 | EC14: 入れた値 | ED14: 使った規則 | EE14: CSV から決められない理由
B15: f3m0ajg94pgnrppjx9y89c0p | C15: vhzwsqym1bbxjba1wzv56otr | D15: C2 | H15: o4zfl12n7jvra0ukkjqauvy6 | J15: f3m0ajg94pgnrppjx9y89c0p | L15: [{"showContentsDaysWithLineBreak":"contentsDaysWithLineBreakOff","textSize":"L","namePositionWithinOptions":"lineNameUpperCenter","nameColor":"#000000","showTotalDays":"totalDaysOff","showNameOnLine":true,"showWorkingDays":"workingDaysOff","name":"C3","namePositionCoefficient":{"x":0,"y":-0.1},"namePosition":{"x":0,"y":0},"id":"vy2tqja7a3ii4ig8g4peemtg","nameBold":false,"showLeaderLine":false,"nameAlignment":"center","nameWritingMode":"textHorizontal"}] | M15: 17 | N15: 22 | O15: 2026-09-26T00:00:00+09:00 | P15: 2026-10-02T23:59:59+09:00 | R15: 7 | S15: 5 | T15: 0 | U15: 2 | AC15: 5 | DD15: [{"id":"bpu1c9j31oy0l3t0ejaasr8y","dependency":"SF"}] | DJ15: crank | DK15: none | DN15: #56bc6d | DP15: true | DY15: pdf | DZ15: nsrz7bcx8yxxrv8k3qc4i6mk | EA15: A2 | EB15: 工程線の太さ | EC15: 1.5 | ED15: 空欄のときは 1.5 | EE15: CSV の 工程線の太さ が空。PDF で太さ指定の無い 20 工程がすべて 1.5pt で描かれていた（共通仕様 3.3 の「既定 2」は誤り）
B16: hlb7z0icyjst6kbyqhsk2sik | C16: msx8cqqmy2pdhav4ajm1vi34 | H16: a12f2dz130g40ygug55u4dqi | J16: hlb7z0icyjst6kbyqhsk2sik | L16: [{"showContentsDaysWithLineBreak":"contentsDaysWithLineBreakOff","textSize":"L","namePositionWithinOptions":"lineNameUpperCenter","nameColor":"#000000","showTotalDays":"totalDaysOff","showNameOnLine":true,"showWorkingDays":"workingDaysOff","name":"D5","namePositionCoefficient":{"x":0,"y":-0.1},"namePosition":{"x":0,"y":0},"id":"j76rmyvpvs9igofgagb5no2h","nameBold":false,"showLeaderLine":false,"nameAlignment":"center","nameWritingMode":"textHorizontal"}] | M16: 26 | N16: 30 | O16: 2026-10-03T00:00:00+09:00 | P16: 2026-10-08T23:59:59+09:00 | R16: 6 | S16: 4 | T16: 0 | U16: 2 | AC16: 4 | DD16: [{"id":"t00an4117fvj98tp203tgn4s","dependency":"SF"}] | DJ16: gate | DK16: none | DN16: #eb473d | DR16: okh8dqpesn4mpwxtf563sgds | DS16: 2026-10-09T00:00:00+09:00 | DY16: pdf | DZ16: dk8trfwvr4zzrgf6eph3zp81 | EA16: D1 | EB16: 工程線の太さ | EC16: 1.5 | ED16: 空欄のときは 1.5 | EE16: CSV の 工程線の太さ が空。PDF で太さ指定の無い 20 工程がすべて 1.5pt で描かれていた（共通仕様 3.3 の「既定 2」は誤り）
B17: bc932lgd0bvzc2rzqla02v79 | C17: ir35ssv3gi7ma0hhvp66m66s | D17: バー１ | H17: ir35ssv3gi7ma0hhvp66m66s | I17: バー１ | J17: bc932lgd0bvzc2rzqla02v79 | L17: [{"showContentsDaysWithLineBreak":"contentsDaysWithLineBreakOff","textSize":"L","namePositionWithinOptions":"boxNameUpperCenter","nameColor":"#000000","showTotalDays":"totalDaysOff","showNameOnLine":true,"showWorkingDays":"workingDaysOff","name":"バー１","namePositionCoefficient":{"x":0,"y":0},"namePosition":{"x":0,"y":0},"id":"kbo3z5isd07brrtbty9ka87e","nameBold":false,"showLeaderLine":false,"nameAlignment":"center","nameWritingMode":"textHorizontal"}] | M17: 37 | N17: 37 | O17: 2026-09-07T00:00:00+09:00 | P17: 2026-09-11T23:59:59+09:00 | R17: 5 | S17: 5 | T17: 0 | U17: 0 | X17: none | AA17: none | AC17: 5 | DJ17: boxS | DK17: arrow | DN17: #8455f6 | DY17: pdf | DZ17: oto4dg5opkvf736ru8taatv6 | EA17: E1 | EB17: 工程線の太さ | EC17: 1.5 | ED17: 空欄のときは 1.5 | EE17: CSV の 工程線の太さ が空。PDF で太さ指定の無い 20 工程がすべて 1.5pt で描かれていた（共通仕様 3.3 の「既定 2」は誤り）
B18: kxns99694trihve026c89fzq | C18: ffjiiigzaqdu25j9hlifdtgs | D18: D1 | H18: o4f1b1crml4zvxnw823ce06d | I18: D2 | J18: kxns99694trihve026c89fzq | L18: [{"showContentsDaysWithLineBreak":"contentsDaysWithLineBreakOff","textSize":"L","namePositionWithinOptions":"lineNameUpperCenter","nameColor":"#000000","showTotalDays":"totalDaysOff","showNameOnLine":true,"showWorkingDays":"workingDaysOff","name":"D2","namePositionCoefficient":{"x":0,"y":-0.1},"namePosition":{"x":0,"y":0},"id":"yy8hc1x29ipjz9x5zppt962k","nameBold":false,"showLeaderLine":false,"nameAlignment":"center","nameWritingMode":"textHorizontal"}] | M18: 25 | N18: 29 | O18: 2026-09-19T00:00:00+09:00 | P18: 2026-09-25T23:59:59+09:00 | R18: 7 | S18: 2 | T18: 0 | U18: 5 | AC18: 2 | DD18: [{"id":"dk8trfwvr4zzrgf6eph3zp81","dependency":"SF"}] | DE18: [{"id":"ugy4sphon1sz8n5udbza6ozz","dependency":"FS"}] | DJ18: gate | DK18: arrow | DM18: 2.5 | DN18: #f9df70 | DR18: o4f1b1crml4zvxnw823ce06d | DS18: 2026-09-26T00:00:00+09:00 | DY18: pdf | DZ18: syrtgn50pfeh2x56y8pycl0i | EA18: E2 | EB18: 工程線の太さ | EC18: 1.5 | ED18: 空欄のときは 1.5 | EE18: CSV の 工程線の太さ が空。PDF で太さ指定の無い 20 工程がすべて 1.5pt で描かれていた（共通仕様 3.3 の「既定 2」は誤り）
B19: k1aj014iomirmgxghw4mx34c | C19: lu745rf3zh0k8jtqbatleddb | D19: B1/B2 | H19: d34vxldjuubzaf7rp9zm9ryn | I19: B3 | J19: k1aj014iomirmgxghw4mx34c | L19: [{"showContentsDaysWithLineBreak":"contentsDaysWithLineBreakOff","textSize":"XS","namePositionWithinOptions":"lineNameUpperCenter","nameColor":"#000000","showTotalDays":"totalDaysOff","showNameOnLine":true,"showWorkingDays":"workingDaysOff","name":"B2","namePositionCoefficient":{"x":0,"y":-0.1},"namePosition":{"x":0,"y":0},"id":"o4km2eu60seze6zvm4athkw8","nameBold":false,"showLeaderLine":false,"nameAlignment":"center","nameWritingMode":"textHorizontal"}] | M19: 11 | N19: 14 | O19: 2026-09-15T00:00:00+09:00 | P19: 2026-09-18T23:59:59+09:00 | R19: 4 | S19: 4 | T19: 0 | U19: 0 | AC19: 4 | DD19: [{"id":"uey9htvf2ij2zetnm3fc0ze6","dependency":"SF"}] | DE19: [{"id":"jgkbr61byrlqgda3nwzskdhm","dependency":"FS"}] | DJ19: xElbow | DK19: arrow | DM19: 1 | DN19: #1d49a7 | DP19: true | DY19: pdf | DZ19: s1u0md6momgam2gd5wvdn4ys | EA19: E3 | EB19: 工程線の太さ | EC19: 1.5 | ED19: 空欄のときは 1.5 | EE19: CSV の 工程線の太さ が空。PDF で太さ指定の無い 20 工程がすべて 1.5pt で描かれていた（共通仕様 3.3 の「既定 2」は誤り）
B20: jgkbr61byrlqgda3nwzskdhm | C20: d34vxldjuubzaf7rp9zm9ryn | D20: B3 | H20: lu745rf3zh0k8jtqbatleddb | I20: B1/B2 | J20: jgkbr61byrlqgda3nwzskdhm | L20: [{"showContentsDaysWithLineBreak":"contentsDaysWithLineBreakOff","textSize":"M","namePositionWithinOptions":"lineNameUpperCenter","nameColor":"#000000","showTotalDays":"totalDaysOff","showNameOnLine":true,"showWorkingDays":"workingDaysOff","name":"B3","namePositionCoefficient":{"x":0,"y":-0.1},"namePosition":{"x":0,"y":0},"id":"lm7rnonv7wwfcioxysjy69e9","nameBold":false,"showLeaderLine":false,"nameAlignment":"center","nameWritingMode":"textHorizontal"}] | M20: 14 | N20: 11 | O20: 2026-09-19T00:00:00+09:00 | P20: 2026-09-25T23:59:59+09:00 | R20: 7 | S20: 2 | T20: 0 | U20: 5 | AC20: 2 | DD20: [{"id":"k1aj014iomirmgxghw4mx34c","dependency":"SF"}] | DJ20: xElbow | DK20: arrow | DN20: #1d49a7 | DY20: pdf | DZ20: bjwmumxcko7gc9z8xszbmeg1 | EA20: バー２ | EB20: 工程線の太さ | EC20: 1.5 | ED20: 空欄のときは 1.5 | EE20: CSV の 工程線の太さ が空。PDF で太さ指定の無い 20 工程がすべて 1.5pt で描かれていた（共通仕様 3.3 の「既定 2」は誤り）
B21: rf5s48r5wvaqo8w3u2mc2ie0 | C21: ajbni5lredw97ufu3sr8kiak | D21: A2 | H21: c59g6qq0b3sb4doig3bwe4ft | I21: A3 | J21: rf5s48r5wvaqo8w3u2mc2ie0 | L21: [{"showContentsDaysWithLineBreak":"contentsDaysWithLineBreakOff","textSize":"L","namePositionWithinOptions":"lineNameUpperCenter","nameColor":"#000000","showTotalDays":"totalDaysOff","showNameOnLine":true,"showWorkingDays":"workingDaysOff","name":"A3","namePositionCoefficient":{"x":0,"y":-0.1},"namePosition":{"x":0,"y":0},"id":"ob65o65jie7fhn2kmbw2vaa0","nameBold":false,"showLeaderLine":false,"nameAlignment":"center","nameWritingMode":"textHorizontal"}] | M21: 5 | N21: 9 | O21: 2026-09-19T00:00:00+09:00 | P21: 2026-09-28T23:59:59+09:00 | R21: 10 | S21: 3 | T21: 0 | U21: 7 | AC21: 3 | DD21: [{"id":"nsrz7bcx8yxxrv8k3qc4i6mk","dependency":"SF"}] | DJ21: yElbow | DK21: arrow | DN21: #ec635e | DY21: pdf | DZ21: d8gth038ou5z9sdqsws41f4a | EA21: バー３ | EB21: 工程線の太さ | EC21: 1.5 | ED21: 空欄のときは 1.5 | EE21: CSV の 工程線の太さ が空。PDF で太さ指定の無い 20 工程がすべて 1.5pt で描かれていた（共通仕様 3.3 の「既定 2」は誤り）
B22: vzo16fd1pf8yvzooqccn2cz0 | C22: ldvdwxv5ol19btdxxuatqtka | H22: vhzwsqym1bbxjba1wzv56otr | I22: C2 | J22: vzo16fd1pf8yvzooqccn2cz0 | L22: [{"showContentsDaysWithLineBreak":"contentsDaysWithLineBreakOff","textSize":"L","namePositionWithinOptions":"lineNamePositionFree","nameColor":"#000000","showTotalDays":"totalDaysOff","showNameOnLine":true,"showWorkingDays":"workingDaysOff","name":"C1","namePositionCoefficient":{"x":3.0084740590240995,"y":-0.4333343505859375},"namePosition":{"x":118.33331298828125,"y":-6.66668701171875},"id":"y0ov3j6q6cjshwhzbi5g94qc","nameBold":false,"showLeaderLine":false,"nameAlignment":"center","nameWritingMode":"textHorizontal"}] | M22: 21 | N22: 17 | O22: 2026-09-07T00:00:00+09:00 | P22: 2026-09-18T23:59:59+09:00 | R22: 12 | S22: 10 | T22: 0 | U22: 2 | AC22: 10 | DE22: [{"id":"bpu1c9j31oy0l3t0ejaasr8y","dependency":"FS"}] | DF22: sxfolw27hcihztf0j6w4sslv | DG22: 関係１ | DJ22: crank | DK22: arrow | DN22: #56bc6d | DY22: pdf | DZ22: d8gth038ou5z9sdqsws41f4a | EA22: バー３ | EB22: 工程線の色 | EC22: #000000 | ED22: 空欄のときは黒 | EE22: CSV の 工程線の色 が空。PDF では色指定の無い工程（バー３）が黒で描かれていた
B23: uey9htvf2ij2zetnm3fc0ze6 | C23: lu745rf3zh0k8jtqbatleddb | D23: B1/B2 | H23: lu745rf3zh0k8jtqbatleddb | I23: B1/B2 | J23: uey9htvf2ij2zetnm3fc0ze6 | L23: [{"showContentsDaysWithLineBreak":"contentsDaysWithLineBreakOff","textSize":"XL","namePositionWithinOptions":"lineNameUpperCenter","nameColor":"#000000","showTotalDays":"totalDaysOff","showNameOnLine":true,"showWorkingDays":"workingDaysOff","name":"B1","namePositionCoefficient":{"x":0,"y":-0.1},"namePosition":{"x":0,"y":0},"id":"vreqg4as0jgszf5t7p8z9qso","nameBold":false,"showLeaderLine":false,"nameAlignment":"center","nameWritingMode":"textHorizontal"}] | M23: 11 | N23: 11 | O23: 2026-09-07T00:00:00+09:00 | P23: 2026-09-14T23:59:59+09:00 | R23: 8 | S23: 6 | T23: 0 | U23: 2 | AC23: 6 | DE23: [{"id":"k1aj014iomirmgxghw4mx34c","dependency":"FS"}] | DJ23: xElbow | DK23: arrow | DM23: 2.5 | DN23: #1d49a7 | DY23: pdf | DZ23: wrrlfamddutxks0rs546w6hp | EA23: バー４ | EB23: 工程線の太さ | EC23: 1.5 | ED23: 空欄のときは 1.5 | EE23: CSV の 工程線の太さ が空。PDF で太さ指定の無い 20 工程がすべて 1.5pt で描かれていた（共通仕様 3.3 の「既定 2」は誤り）
B24: u1plk0lkn7gwl6gi62j8ny0n | C24: aqj3sg05mc7iiutye30d3hxz | D24: A1 | H24: aqj3sg05mc7iiutye30d3hxz | I24: A1 | J24: u1plk0lkn7gwl6gi62j8ny0n | L24: [{"showContentsDaysWithLineBreak":"contentsDaysWithLineBreakOff","textSize":"L","namePositionWithinOptions":"lineNameUpperLeft","nameColor":"#000000","showTotalDays":"totalDaysOff","showNameOnLine":true,"showWorkingDays":"workingDaysOff","name":"A1","namePositionCoefficient":{"x":0,"y":-0.1},"namePosition":{"x":0,"y":0},"id":"mqjjomvpoq1wfl2i7jwa9ynk","nameBold":false,"showLeaderLine":false,"nameAlignment":"center","nameWritingMode":"textHorizontal"}] | M24: 8 | N24: 8 | O24: 2026-09-07T00:00:00+09:00 | P24: 2026-09-14T23:59:59+09:00 | R24: 8 | S24: 6 | T24: 0 | U24: 2 | AC24: 6 | DE24: [{"id":"nsrz7bcx8yxxrv8k3qc4i6mk","dependency":"FS"}] | DJ24: yElbow | DK24: arrow | DN24: #ec635e | DY24: pdf | DZ24: xrtojb94udpfhnqjb10fxoyb | EA24: バー５ | EB24: 工程線の太さ | EC24: 1.5 | ED24: 空欄のときは 1.5 | EE24: CSV の 工程線の太さ が空。PDF で太さ指定の無い 20 工程がすべて 1.5pt で描かれていた（共通仕様 3.3 の「既定 2」は誤り）
DY25: pdf | DZ25: wdhh8gl3bekvzls3uwrp9zh9 | EA25: バー６ | EB25: 工程線の太さ | EC25: 1.5 | ED25: 空欄のときは 1.5 | EE25: CSV の 工程線の太さ が空。PDF で太さ指定の無い 20 工程がすべて 1.5pt で描かれていた（共通仕様 3.3 の「既定 2」は誤り）
DY26: pdf | DZ26: bpu1c9j31oy0l3t0ejaasr8y | EA26: C2 | EB26: 工程線の太さ | EC26: 1.5 | ED26: 空欄のときは 1.5 | EE26: CSV の 工程線の太さ が空。PDF で太さ指定の無い 20 工程がすべて 1.5pt で描かれていた（共通仕様 3.3 の「既定 2」は誤り）
DY27: pdf | DZ27: ugy4sphon1sz8n5udbza6ozz | EA27: D3 | EB27: 工程線の太さ | EC27: 1.5 | ED27: 空欄のときは 1.5 | EE27: CSV の 工程線の太さ が空。PDF で太さ指定の無い 20 工程がすべて 1.5pt で描かれていた（共通仕様 3.3 の「既定 2」は誤り）
DY28: pdf | DZ28: t00an4117fvj98tp203tgn4s | EA28: D4 | EB28: 工程線の太さ | EC28: 1.5 | ED28: 空欄のときは 1.5 | EE28: CSV の 工程線の太さ が空。PDF で太さ指定の無い 20 工程がすべて 1.5pt で描かれていた（共通仕様 3.3 の「既定 2」は誤り）
DY29: pdf | DZ29: f3m0ajg94pgnrppjx9y89c0p | EA29: C3 | EB29: 工程線の太さ | EC29: 1.5 | ED29: 空欄のときは 1.5 | EE29: CSV の 工程線の太さ が空。PDF で太さ指定の無い 20 工程がすべて 1.5pt で描かれていた（共通仕様 3.3 の「既定 2」は誤り）
DY30: pdf | DZ30: hlb7z0icyjst6kbyqhsk2sik | EA30: D5 | EB30: 工程線の太さ | EC30: 1.5 | ED30: 空欄のときは 1.5 | EE30: CSV の 工程線の太さ が空。PDF で太さ指定の無い 20 工程がすべて 1.5pt で描かれていた（共通仕様 3.3 の「既定 2」は誤り）
DY31: pdf | DZ31: bc932lgd0bvzc2rzqla02v79 | EA31: バー１ | EB31: 工程線の太さ | EC31: 1.5 | ED31: 空欄のときは 1.5 | EE31: CSV の 工程線の太さ が空。PDF で太さ指定の無い 20 工程がすべて 1.5pt で描かれていた（共通仕様 3.3 の「既定 2」は誤り）
DY32: pdf | DZ32: jgkbr61byrlqgda3nwzskdhm | EA32: B3 | EB32: 工程線の太さ | EC32: 1.5 | ED32: 空欄のときは 1.5 | EE32: CSV の 工程線の太さ が空。PDF で太さ指定の無い 20 工程がすべて 1.5pt で描かれていた（共通仕様 3.3 の「既定 2」は誤り）
DY33: pdf | DZ33: rf5s48r5wvaqo8w3u2mc2ie0 | EA33: A3 | EB33: 工程線の太さ | EC33: 1.5 | ED33: 空欄のときは 1.5 | EE33: CSV の 工程線の太さ が空。PDF で太さ指定の無い 20 工程がすべて 1.5pt で描かれていた（共通仕様 3.3 の「既定 2」は誤り）
DY34: pdf | DZ34: vzo16fd1pf8yvzooqccn2cz0 | EA34: C1 | EB34: 工程線の太さ | EC34: 1.5 | ED34: 空欄のときは 1.5 | EE34: CSV の 工程線の太さ が空。PDF で太さ指定の無い 20 工程がすべて 1.5pt で描かれていた（共通仕様 3.3 の「既定 2」は誤り）
DY35: pdf | DZ35: u1plk0lkn7gwl6gi62j8ny0n | EA35: A1 | EB35: 工程線の太さ | EC35: 1.5 | ED35: 空欄のときは 1.5 | EE35: CSV の 工程線の太さ が空。PDF で太さ指定の無い 20 工程がすべて 1.5pt で描かれていた（共通仕様 3.3 の「既定 2」は誤り）
DY36: rule | DZ36: 関係線:関係１ | EA36: 関係１ | EB36: 関係線の x と色 | EC36: 上側ノードの x / 灰色 | ED36: 2 ノードを上側（行番号が小さい方）のノードの x でまっすぐ縦に結ぶ。色は灰色 | EE36: PDF に関係線は 1 本（関係１）しかなく x の取り方はその 1 例からの推定。色は CSV に列が無い（PDF では紫で描かれている）
... DY38: rule | DZ38: hlb7z0icyjst6kbyqhsk2sik | EA38: D5 | EB38: gate の中間ノードの行 | EC38: 32 | ED38: 開始行と終了行の帯のすぐ外側で、ノードの無い最初の行（下方向を優先） | EE38: CSV に中間ノードの行番号が無く、項目ID「okh8dqpesn4mpwxtf563sgds」は他のどの工程の開始／終了ノードでもないため行が分からない

Sheet 使い方
A1: この工程表の直しかた
A3: 1. シート「T10_Layout」を開きます。
A4: 2. 直せるのは C 列「開始日」と D 列「終了日」だけです。ほかのセルは保護されていて編集できません。
A5: 3. 日付は 工程表の期間（2026/09/01 〜 2026/11/30）の中で入れてください。
A6: 4. 終了日はその日を含みます（終了日当日まで作業する、という意味です）。
A7: 5. 色の帯は C・D の日付から自動で引き直されます。帯を直接ぬる必要はありません。
A8: 6. 行の追加・削除、並べ替え、シート名の変更はしないでください。取り込みができなくなります。
A9: 7. 直し終えたら、このファイルをそのまま返送してください。
A11: ※ E 列「日数」は土日を除いた日数の目安です（NETWORKDAYS）。祝日は考慮していません。
A12: ※ シート「_data」は取り込み用の控えです。非表示のままにしてください。
